ID,age,gender,department,job_level,rating,awards,salary,entry_date,satisfied
0,,female,Sales,2,7,16,52265,26.01.2012,true
1,47,female,HR,1,8,13,6991,02.02.2008,true
2,60,female,Marketing,2,1,9,11883,16.10.2006,true
3,35,female,Purchasing,2,8,20,69963,09.05.2006,false
4,52,male,Technology,3,2,5,-11059,22.12.2014,false
5,56,male,Purchasing,2,5,7,22704,17.03.2011,true
6,51,male,Technology,4,1,15,,01.11.2008,true
7,52,female,Technology,4,1,11,49697,18.12.2020,true
8,61,male,Purchasing,2,9,12,38040,02.09.2022,false
9,44,female,HR,4,5,5,47245,24.11.2021,true
10,45,male,HR,4,7,4,,24.03.2004,true
11,34,female,Purchasing,3,5,2,55089,05.10.2018,true
12,18,male,Sales,4,8,10,35840,18.07.2019,false
13,40,female,Technology,4,4,13,,05.10.2009,false
14,18,female,Marketing,4,3,12,54886,25.06.2014,true
15,53,female,Purchasing,3,3,-3,42233,09.09.2011,true
16,53,female,Purchasing,3,2,9,36168,21.02.2021,false
17,37,female,HR,3,3,15,43465,28.11.2005,true
18,,male,Marketing,4,9,4,85976,08.05.2022,false
19,60,female,Marketing,3,3,12,90908,05.12.2020,true
20,46,,HR,2,2,14,51857,18.06.2012,true
21,39,female,Marketing,3,7,14,38167,15.03.2012,false
22,31,female,HR,4,2,3,46886,20.08.2017,true
23,36,,Sales,4,8,213,1578,10.12.2004,false
24,28,male,Technology,3,2,17,35058,23.10.2023,true
25,20,male,Purchasing,1,4,1,65027,26.07.2010,false
26,64,female,Marketing,3,4,11,12367,03.08.2005,true
27,42,female,Purchasing,3,3,11,44880,20.07.2012,false
28,36,male,HR,3,7,14,61861,20.03.2014,true
29,24,female,HR,2,8,2,52147,11.05.2022,false
30,41,female,HR,3,2,7,90314,15.11.2007,true
31,40,female,HR,2,8,93,48239,17.02.2011,false
32,39,male,Marketing,3,2,9,26422,17.06.2012,true
33,36,female,HR,3,2,15,61496,16.11.2007,false
34,53,female,Purchasing,4,8,6,76617,15.02.2006,false
35,20,female,Technology,1,2,162,105418,09.11.2019,true
36,36,female,Purchasing,1,7,1,12530,31.08.2005,true
37,,male,Marketing,4,4,16,,11.11.2015,true
38,41,male,HR,3,4,5,72698,31.01.2018,true
39,45,female,Marketing,3,1,7,47633,21.01.2018,false
40,28,male,Marketing,1,1,4,9965,13.06.2005,false
41,57,male,Marketing,4,9,8,53774,27.02.2013,false
42,18,female,Purchasing,2,4,1,27159,13.04.2016,true
43,43,female,Marketing,4,5,3,52710,09.08.2018,true
44,39,female,Technology,2,7,3,61051,05.09.2021,true
45,20,,Sales,4,8,7,52622,26.05.2004,false
46,60,female,Sales,3,9,6,89908,09.05.2019,true
47,22,male,Marketing,3,8,-2,33361,03.06.2016,true
48,20,female,Purchasing,1,8,7,39244,21.10.2013,false
49,56,female,HR,3,6,8,64869,16.10.2011,false
50,52,female,Technology,1,4,9,25408,12.11.2005,true
51,21,male,Marketing,4,8,15,72317,22.01.2022,true
52,47,male,Technology,2,3,0,53874,27.09.2009,true
53,57,male,Marketing,1,1,4,2258,16.12.2004,true
54,39,male,Sales,4,7,5,58369,20.10.2020,false
55,24,female,HR,4,1,2,48013,26.04.2010,true
56,44,male,Purchasing,1,7,6,40132,12.05.2022,false
57,18,female,Sales,3,8,7,33279,02.12.2010,false
58,,,Sales,4,8,15,51612,16.07.2004,true
59,61,male,HR,3,4,7,68451,30.12.2013,false
60,38,female,HR,3,3,13,94331,20.07.2013,false
61,28,male,HR,2,8,8,12759,19.01.2014,true
62,37,male,Marketing,4,9,7,46912,23.06.2014,false
63,37,female,Sales,2,3,11,53661,10.09.2012,true
64,57,male,Technology,1,9,15,40258,08.11.2015,true
65,23,female,Sales,4,6,1,47382,23.03.2016,true
66,32,female,Technology,2,8,19,42656,10.03.2009,true
67,24,female,HR,3,2,18,50290,05.09.2006,false
68,58,male,Sales,2,4,7,47597,30.08.2021,true
69,31,male,Sales,4,2,15,52889,15.12.2006,false
70,48,male,Marketing,3,6,4,80238,10.03.2005,true
71,40,male,Technology,4,9,14,25256,12.11.2005,true
72,53,female,Sales,4,8,12,11911,16.01.2010,false
73,28,female,HR,4,5,16,67404,27.08.2013,false
74,32,male,HR,2,3,10,45171,08.04.2016,false
75,59,female,Sales,2,2,3,-8085,04.11.2023,true
76,43,female,Technology,4,1,123,16265,28.01.2021,false
77,23,female,Marketing,2,6,0,63770,17.12.2021,true
78,26,male,Marketing,4,4,2,89210,24.05.2005,true
79,51,female,HR,4,4,21,53101,29.12.2006,true
80,44,female,Sales,4,5,13,40589,29.10.2007,false
81,18,female,Marketing,4,1,158,48556,23.02.2016,true
82,45,female,Marketing,4,5,9,26737,13.03.2019,true
83,59,,Sales,2,5,6,44952,10.09.2008,true
84,56,female,Sales,1,7,0,51810,10.11.2015,true
85,54,male,Technology,4,5,8,71264,06.08.2009,false
86,62,female,Marketing,3,2,10,95655,15.01.2015,false
87,50,female,Purchasing,1,8,23,47788,31.07.2018,false
88,27,female,HR,2,7,3,39470,06.05.2020,true
89,47,female,Sales,1,2,5,69745,20.05.2015,false
90,48,male,Sales,3,7,8,53580,05.09.2010,true
91,,female,Technology,1,8,-44,16825,24.11.2016,false
92,57,female,HR,1,3,9,74821,04.10.2010,true
93,30,male,HR,4,1,6,21443,18.11.2006,true
94,19,female,Marketing,3,7,7,50555,14.06.2006,false
95,41,male,Sales,3,9,11,9714,11.12.2023,true
96,22,male,Purchasing,2,9,-127,76989,08.02.2013,true
97,18,female,Marketing,3,3,11,44995,09.07.2018,false
98,18,female,Sales,3,5,12,31983,08.02.2010,true
99,,female,Technology,3,4,5,36703,23.07.2014,true
100,54,female,Technology,3,6,1,71904,24.10.2019,true
101,31,female,Purchasing,2,7,10,103200,20.07.2016,true
102,29,female,HR,4,7,9,25058,03.03.2014,false
103,55,,HR,4,6,-1,47043,20.09.2007,true
104,62,female,Sales,3,5,15,37575,02.02.2017,true
105,37,female,Marketing,2,7,11,29843,08.12.2009,true
106,62,male,HR,1,2,13,53300,25.11.2015,false
107,26,male,Sales,1,1,7,25935,17.03.2021,false
108,52,female,Marketing,1,9,7,93772,22.12.2019,true
109,20,female,HR,3,9,14,48655,21.04.2011,false
110,48,male,HR,4,3,4,66427,31.10.2009,false
111,,female,Sales,4,9,19,51532,05.05.2021,true
112,48,female,Purchasing,4,1,3,48053,11.11.2004,true
113,54,female,Technology,3,7,13,51678,17.12.2017,true
114,63,female,Purchasing,1,9,11,53077,17.11.2022,true
115,43,female,Purchasing,4,2,19,11814,21.10.2017,false
116,18,male,Purchasing,1,6,9,72992,15.09.2009,false
117,18,male,Marketing,2,8,20,51599,11.01.2023,false
118,20,female,Technology,3,6,10,,12.01.2022,true
119,43,female,Technology,1,6,5,38747,15.07.2013,true
120,32,female,HR,1,3,8,57917,12.09.2011,true
121,26,,Technology,2,6,10,41377,12.08.2006,true
122,45,male,Marketing,4,3,11,43459,16.08.2004,false
123,52,female,Purchasing,4,8,7,27012,18.09.2019,false
124,30,male,Technology,3,2,17,27410,11.08.2012,false
125,42,,Marketing,3,6,9,79112,24.01.2017,true
126,49,male,Sales,1,8,10,54317,06.03.2021,false
127,55,male,Marketing,1,6,16,65320,20.10.2005,true
128,46,,Technology,1,5,3,5899,03.09.2021,true
129,18,female,HR,2,5,17,72201,05.05.2012,false
130,56,female,Purchasing,1,5,11,83858,02.11.2020,false
131,47,female,Technology,3,5,10,58675,10.09.2014,false
132,34,,Purchasing,1,6,13,19937,14.01.2006,false
133,44,female,HR,4,2,8,36092,01.06.2011,true
134,29,female,Technology,1,6,9,29912,13.05.2009,false
135,54,male,Sales,1,3,14,42761,27.11.2012,false
136,48,male,Purchasing,1,4,-137,81433,23.10.2018,false
137,,female,Purchasing,2,4,5,27264,08.10.2005,false
138,61,male,Purchasing,4,9,1,48155,18.09.2009,true
139,35,male,Purchasing,1,5,16,44591,21.11.2005,false
140,33,male,Purchasing,4,7,-72,,09.09.2014,false
141,22,male,HR,3,5,6,46953,29.12.2020,true
142,45,male,Marketing,4,3,15,48081,21.03.2015,false
143,29,female,Purchasing,2,8,12,27960,15.05.2008,false
144,40,female,HR,3,9,8,44658,26.02.2023,true
145,,male,Purchasing,1,9,-39,48227,04.06.2018,false
146,60,male,Purchasing,2,2,11,75225,18.04.2005,false
147,20,male,Purchasing,3,3,5,,27.10.2019,true
148,27,male,HR,3,9,12,52799,31.03.2009,true
149,43,male,Purchasing,3,9,9,41857,17.11.2006,false
150,18,female,Purchasing,4,7,7,78012,15.10.2013,false
151,35,female,HR,4,1,12,-4779,15.12.2014,false
152,52,female,Sales,2,7,7,95791,03.12.2011,true
153,62,,Marketing,1,1,16,46291,23.06.2014,true
154,22,male,HR,3,7,6,47090,03.11.2019,true
155,42,female,Technology,3,1,13,67279,12.05.2019,false
156,54,female,Marketing,2,3,19,52339,23.12.2009,false
157,19,,HR,1,8,7,-28264,10.07.2010,true
158,56,male,Technology,2,6,4,75000,20.05.2011,true
159,42,,HR,1,4,6,64631,25.02.2020,true
160,55,,Purchasing,2,8,6,55093,01.08.2005,false
161,28,male,Technology,3,2,11,36166,25.06.2007,true
162,54,female,Purchasing,4,2,16,87393,07.03.2011,true
163,41,male,Marketing,1,1,9,73998,28.09.2021,true
164,19,male,HR,2,8,9,,07.05.2015,false
165,35,male,Marketing,4,3,10,47589,06.01.2013,true
166,45,male,Purchasing,3,1,10,47499,15.06.2015,false
167,48,female,HR,2,8,4,45279,03.09.2016,false
168,27,,Marketing,4,8,9,34991,31.12.2018,false
169,42,male,Sales,2,1,3,114861,13.02.2022,true
170,37,male,Purchasing,2,9,37,74727,03.02.2015,true
171,37,female,HR,2,4,9,54156,13.07.2021,false
172,62,male,HR,1,1,7,30208,19.08.2015,false
173,37,female,Purchasing,1,7,107,30252,25.04.2019,false
174,58,female,Purchasing,3,6,-1,52725,09.06.2009,false
175,,male,Marketing,2,1,5,52812,09.12.2007,false
176,48,female,HR,4,7,15,47843,09.07.2017,false
177,62,female,Technology,3,4,8,61179,05.12.2020,true
178,58,female,HR,3,9,1,52673,27.08.2022,true
179,60,female,Marketing,4,9,7,47367,15.08.2018,false
180,37,female,Purchasing,3,3,6,41205,15.07.2011,true
181,18,female,Sales,2,8,5,41473,21.06.2007,false
182,62,male,HR,2,9,16,3395,25.08.2012,true
183,26,female,Marketing,1,2,4,49815,23.07.2018,true
184,,male,Purchasing,4,3,13,6419,09.02.2018,true
185,54,female,HR,1,5,11,2294,16.01.2016,false
186,40,male,Sales,1,5,4,52513,13.08.2022,true
187,19,,Marketing,3,5,3,33197,19.03.2011,true
188,43,male,Technology,4,2,12,41458,20.10.2017,true
189,36,female,Technology,1,8,4,51491,19.11.2022,true
190,60,male,Technology,3,3,12,48206,10.02.2005,true
191,47,male,Sales,2,4,6,30601,30.10.2009,true
192,54,male,Technology,1,8,18,47292,11.06.2015,true
193,22,female,Marketing,1,2,12,11994,09.12.2005,true
194,45,female,Technology,2,1,7,57960,01.10.2008,true
195,22,female,Marketing,3,8,183,37779,26.10.2013,true
196,59,male,Purchasing,4,7,20,40692,31.10.2011,false
197,36,,Marketing,1,7,10,103114,16.07.2017,true
198,,female,Purchasing,3,5,12,64919,11.06.2017,false
199,22,male,HR,4,1,10,67963,21.03.2020,false
200,19,male,HR,1,3,15,54803,14.01.2013,true
201,55,female,Technology,2,4,9,12496,28.02.2017,false
202,61,female,Technology,3,9,9,84233,26.03.2012,true
203,32,male,Technology,3,9,4,50149,28.03.2020,true
204,29,female,Purchasing,4,2,17,,13.04.2007,true
205,32,male,Purchasing,4,3,12,82925,28.03.2014,false
206,49,male,Technology,2,1,11,46200,17.09.2005,false
207,36,female,Sales,3,5,2,23831,10.11.2010,false
208,27,female,Purchasing,3,3,2,75009,12.05.2019,true
209,28,female,Purchasing,2,4,5,53443,28.01.2011,true
210,31,male,Purchasing,3,1,8,34147,29.12.2018,false
211,39,male,Sales,2,4,15,84469,21.07.2011,false
212,,,Technology,2,4,12,86980,11.09.2012,false
213,37,female,HR,1,4,19,25335,01.11.2015,false
214,56,male,Sales,3,5,6,62923,18.04.2011,true
215,30,male,Marketing,3,4,9,,10.01.2016,false
216,58,male,Purchasing,4,1,7,64259,06.12.2008,true
217,47,male,Purchasing,3,1,3,52514,05.08.2015,true
218,47,male,Sales,2,9,6,38091,28.01.2012,false
219,43,female,Purchasing,2,8,8,35733,06.02.2009,true
220,48,male,Purchasing,3,8,2,-8690,10.02.2015,true
221,60,female,Technology,2,5,7,52980,26.06.2019,true
222,23,female,Sales,3,6,8,32551,02.10.2005,false
223,52,male,Marketing,1,2,113,,17.08.2018,true
224,26,female,Sales,3,7,58,56146,12.06.2008,true
225,56,female,Purchasing,3,2,31,34854,01.12.2021,true
226,63,male,Technology,1,3,10,15056,05.01.2019,true
227,50,female,Technology,3,5,0,61864,28.06.2012,false
228,34,female,Purchasing,4,1,8,18471,30.08.2008,false
229,57,female,Marketing,4,1,0,87908,15.11.2015,false
230,46,male,Technology,1,7,9,52685,05.09.2020,true
231,55,male,Marketing,2,9,8,38028,15.09.2010,true
232,,male,Marketing,3,2,14,45393,24.11.2007,true
233,28,male,HR,3,9,8,37749,12.04.2006,true
234,19,male,Technology,3,9,-46,52656,08.03.2004,true
235,57,female,Marketing,1,4,10,23266,27.07.2022,true
236,22,female,Purchasing,4,6,6,68930,18.03.2008,true
237,40,female,Sales,1,7,8,60104,17.06.2013,true
238,55,female,Sales,4,8,20,,02.08.2022,true
239,33,female,Purchasing,3,4,66,49438,28.11.2018,true
240,18,male,HR,1,7,10,74195,29.08.2016,true
241,46,female,Technology,2,1,16,,04.09.2016,false
242,51,female,Sales,2,2,12,58485,08.03.2006,true
243,56,male,Technology,3,1,9,59722,29.05.2009,true
244,32,female,Purchasing,1,9,16,62888,13.12.2007,false
245,50,male,Technology,3,4,5,75979,20.09.2007,false
246,51,male,Marketing,2,3,14,89990,23.09.2012,true
247,46,male,HR,4,7,6,17195,29.12.2014,true
248,33,female,HR,2,3,12,32541,23.08.2004,false
249,62,female,Marketing,1,8,70,47026,11.08.2004,false
250,39,male,HR,4,4,-83,58280,03.03.2020,true
251,,female,HR,4,6,0,60376,24.04.2005,true
252,49,female,Technology,4,9,16,69699,04.01.2005,true
253,53,female,HR,1,3,9,58015,14.05.2015,false
254,64,female,Technology,1,5,16,-3673,06.01.2012,true
255,31,male,Technology,4,5,25,55497,19.04.2011,false
256,49,male,Sales,3,5,5,12902,16.05.2008,true
257,51,female,Marketing,3,4,8,67165,30.10.2021,false
258,34,,Marketing,1,7,12,50832,31.03.2005,true
259,29,male,HR,3,5,15,39205,15.10.2022,false
260,59,male,Sales,2,7,10,67164,04.02.2008,true
261,61,male,Marketing,4,6,9,40288,10.08.2013,true
262,44,female,HR,2,9,9,70618,01.11.2010,false
263,32,male,Sales,4,1,11,49992,30.03.2021,false
264,21,female,Purchasing,2,9,2,25744,11.02.2022,false
265,56,female,Purchasing,2,7,6,26033,22.01.2022,true
266,45,male,Marketing,1,3,2,47725,24.10.2016,false
267,,male,Purchasing,2,2,7,105500,15.07.2017,true
268,32,female,Sales,2,8,7,48061,25.01.2011,true
269,45,,Marketing,1,3,10,62731,18.05.2004,true
270,35,male,HR,1,6,16,32434,09.12.2023,true
271,28,male,Sales,1,1,4,25922,24.10.2004,true
272,61,male,Purchasing,1,6,13,32454,27.12.2013,true
273,25,male,Purchasing,4,5,10,71429,30.09.2007,true
274,,male,Purchasing,4,6,20,,07.12.2023,false
275,32,male,Marketing,1,7,8,26450,13.06.2016,false
276,39,male,Technology,1,3,18,6023,01.08.2011,true
277,38,male,Technology,3,7,119,43571,27.07.2023,false
278,62,male,HR,2,5,1,31146,17.04.2010,false
279,41,female,Marketing,4,7,-180,37429,21.01.2019,false
280,52,male,Marketing,1,9,8,41707,01.02.2007,true
281,38,male,Sales,3,1,1,39186,16.10.2021,true
282,20,male,HR,4,9,146,35263,11.09.2011,true
283,28,male,Purchasing,3,3,12,80229,05.08.2010,true
284,48,female,Purchasing,2,5,3,59833,11.09.2014,true
285,23,female,Technology,3,1,9,34223,13.04.2015,false
286,63,male,HR,2,1,15,14832,14.12.2017,false
287,57,male,Technology,1,4,15,71642,19.07.2013,false
288,37,female,Technology,2,2,15,,29.07.2005,false
289,59,female,Sales,3,6,4,44805,19.04.2004,true
290,27,female,HR,4,3,11,58325,30.07.2008,false
291,38,male,Marketing,2,5,13,59249,10.03.2013,true
292,29,male,Purchasing,1,4,17,41885,18.06.2021,false
293,57,female,Technology,1,4,12,92963,18.01.2011,false
294,34,female,Purchasing,4,8,2,67849,30.11.2013,true
295,,male,Purchasing,2,6,5,48290,27.11.2010,true
296,36,female,Purchasing,3,7,14,28437,27.10.2005,true
297,34,male,Purchasing,4,1,6,18810,20.04.2014,false
298,31,,Technology,2,4,9,40565,28.10.2018,true
299,31,female,HR,2,4,16,47437,13.08.2022,true
300,42,male,Technology,2,7,4,71907,01.08.2022,true
301,35,female,Marketing,2,9,9,12405,03.02.2014,false
302,22,female,HR,4,5,40,65356,27.12.2018,false
303,41,female,Sales,3,3,6,72206,06.04.2012,false
304,39,male,HR,4,4,6,19067,28.06.2012,false
305,29,male,Purchasing,1,1,158,24532,04.07.2016,false
306,37,male,HR,3,2,1,77607,10.10.2019,true
307,29,female,Sales,1,1,11,45149,22.05.2010,false
308,50,female,Sales,3,4,1,99687,23.12.2016,true
309,41,male,Purchasing,2,6,9,48921,16.07.2008,false
310,64,male,HR,1,4,14,39108,29.08.2007,false
311,57,female,Purchasing,4,4,11,45615,07.10.2007,true
312,24,female,Sales,3,9,6,2053,04.09.2019,false
313,21,,HR,1,4,16,45899,12.01.2013,false
314,62,male,HR,1,3,20,61336,05.04.2004,false
315,45,male,Sales,2,2,10,,21.02.2014,true
316,56,female,Sales,1,7,12,19866,08.06.2015,true
317,33,male,Purchasing,1,5,0,22786,07.09.2013,false
318,57,,Technology,4,9,13,-22323,09.12.2012,false
319,57,female,HR,1,4,4,48283,17.01.2012,false
320,24,male,Sales,1,3,-104,39330,29.12.2016,true
321,18,female,Marketing,2,6,-164,80151,24.02.2020,true
322,,male,Marketing,4,3,16,87596,17.12.2007,true
323,56,female,Technology,4,6,2,43265,22.08.2015,false
324,63,male,HR,4,6,13,78172,10.03.2009,true
325,58,female,Sales,2,3,0,28155,16.03.2023,false
326,19,male,HR,3,6,8,18236,02.04.2016,false
327,55,female,Technology,2,2,160,57251,21.09.2004,false
328,31,male,Sales,4,3,-194,81581,22.09.2020,true
329,36,female,Sales,3,5,5,30831,03.01.2010,true
330,51,female,Sales,3,9,14,79280,30.09.2021,false
331,52,male,Sales,1,5,7,27227,27.09.2023,false
332,21,male,Marketing,4,8,7,36651,28.07.2023,true
333,48,male,Technology,2,4,11,29336,31.05.2009,true
334,52,female,Technology,3,6,16,51929,12.04.2022,false
335,46,male,Marketing,4,6,12,24387,25.11.2015,true
336,47,male,Technology,3,7,12,52083,23.11.2009,true
337,63,female,Purchasing,2,6,8,37005,22.05.2017,false
338,57,female,Marketing,2,8,8,32947,28.01.2009,false
339,43,male,Marketing,2,7,12,54076,22.05.2022,true
340,27,female,Marketing,1,6,17,96502,06.08.2016,true
341,46,male,Sales,1,8,7,62255,29.06.2012,true
342,55,male,Marketing,4,9,14,2337,29.10.2018,true
343,40,female,Technology,1,2,12,58441,17.08.2016,true
344,60,male,Technology,3,3,12,88135,29.05.2007,false
345,26,,HR,3,2,5,48119,11.06.2011,false
346,53,female,Purchasing,1,2,2,73120,28.04.2008,true
347,28,female,Sales,1,9,5,50844,16.08.2023,true
348,29,female,HR,1,8,12,68022,01.08.2022,true
349,40,female,Sales,4,7,11,31784,28.09.2014,false
350,49,female,Marketing,3,4,15,48301,09.09.2021,true
351,60,male,Technology,4,1,8,38165,29.05.2014,false
352,50,female,Technology,1,2,12,25260,25.02.2006,true
353,20,female,Sales,3,5,18,49375,30.05.2012,false
354,35,female,Marketing,2,1,1,,04.03.2020,false
355,49,female,Purchasing,2,2,13,67501,15.07.2005,false
356,23,male,HR,4,2,9,91864,08.10.2020,false
357,57,male,Marketing,1,4,156,76569,15.10.2019,false
358,39,female,Sales,1,2,6,95137,10.07.2004,true
359,35,male,HR,2,4,14,52755,07.09.2013,false
360,30,female,Sales,4,8,6,66994,14.02.2020,false
361,46,female,Technology,3,4,9,,21.05.2013,true
362,61,male,Purchasing,4,5,3,7142,16.12.2019,true
363,38,female,Marketing,1,5,4,78444,17.04.2015,true
364,36,,Marketing,3,3,7,46548,05.12.2008,false
365,29,male,Sales,1,4,14,85002,10.11.2016,false
366,38,male,Purchasing,4,3,9,50028,09.09.2013,false
367,53,male,Technology,4,3,15,31577,28.04.2021,false
368,48,female,Purchasing,3,9,6,64544,08.07.2020,true
369,63,male,Technology,1,3,14,27582,12.01.2007,false
370,48,male,Marketing,1,2,9,17737,15.01.2015,true
371,63,male,Technology,1,5,8,46546,30.01.2017,false
372,21,female,Marketing,1,6,16,41201,22.12.2021,false
373,35,female,Technology,4,8,4,9116,01.01.2010,true
374,22,male,Marketing,2,7,8,51384,19.02.2008,true
375,49,male,HR,1,4,180,53041,08.02.2017,true
376,29,female,Marketing,2,4,16,32009,14.11.2016,false
377,18,female,Sales,2,4,9,58781,02.05.2017,false
378,64,female,HR,1,6,8,64302,03.03.2007,false
379,30,male,Sales,2,9,-13,65503,23.02.2005,true
380,62,male,HR,4,9,13,39840,31.07.2015,false
381,53,female,HR,1,4,17,85389,27.04.2012,true
382,39,female,Sales,4,8,8,32081,01.04.2004,false
383,23,female,Purchasing,3,7,-1,93755,21.03.2009,true
384,19,female,Marketing,3,4,11,47440,25.02.2023,true
385,40,male,Sales,3,2,6,48332,30.04.2016,false
386,60,male,Sales,4,1,10,71016,01.11.2019,false
387,43,female,Technology,4,1,9,27232,26.09.2021,false
388,57,female,HR,4,7,5,8955,16.10.2014,true
389,42,male,Marketing,1,4,11,52155,23.03.2005,true
390,50,female,Purchasing,4,7,9,27693,22.09.2005,false
391,52,male,Technology,1,6,7,24944,24.09.2014,true
392,26,male,Technology,1,8,12,52781,18.11.2008,false
393,64,female,Purchasing,4,5,13,42635,09.11.2005,false
394,55,male,HR,3,2,13,47341,26.08.2010,false
395,50,female,Marketing,4,4,9,58791,13.02.2020,true
396,57,female,Marketing,1,3,12,41965,20.08.2007,true
397,54,female,HR,1,5,11,57739,28.08.2022,true
398,61,male,Purchasing,4,5,5,70924,05.06.2018,false
399,34,female,Sales,4,3,4,47922,03.02.2005,false
400,23,female,Sales,3,1,10,51682,03.04.2015,false
401,23,male,Marketing,4,6,9,62232,11.04.2004,false
402,29,female,Marketing,2,3,10,73555,12.09.2008,true
403,27,female,HR,1,1,8,48090,21.07.2012,false
404,60,male,Purchasing,1,5,7,49752,27.09.2023,true
405,48,female,HR,1,6,7,30602,03.05.2020,false
406,50,female,HR,2,6,12,31044,02.04.2010,true
407,18,male,Marketing,2,7,84,52347,18.08.2016,false
408,25,male,Technology,3,6,6,46312,25.03.2016,true
409,25,male,Sales,1,9,13,21689,24.03.2018,true
410,61,female,Sales,4,8,5,47384,26.11.2016,false
411,37,female,Purchasing,3,9,-57,33094,16.04.2023,false
412,23,female,Marketing,3,5,5,66463,11.12.2017,true
413,28,,Purchasing,2,7,6,54090,01.01.2010,true
414,36,male,Technology,4,6,14,47994,28.12.2015,false
415,42,male,Purchasing,2,1,7,70165,05.01.2006,true
416,39,male,Sales,4,5,20,,05.09.2004,false
417,52,female,HR,4,4,11,17677,09.05.2019,true
418,39,female,Purchasing,2,3,12,51077,24.05.2019,false
419,23,female,Purchasing,4,1,3,17526,20.07.2006,true
420,26,male,Marketing,3,2,15,12740,29.11.2018,false
421,61,female,Sales,3,3,4,27446,23.08.2018,false
422,31,female,Marketing,4,9,58,47459,12.03.2007,false
423,60,male,Technology,1,2,9,52363,05.10.2010,true
424,21,male,Technology,1,3,12,71727,19.06.2023,true
425,60,,Marketing,1,6,13,28767,16.01.2006,true
426,41,female,Marketing,2,4,2,87964,09.11.2013,false
427,19,female,Technology,2,8,3,22736,09.07.2009,false
428,37,male,Marketing,4,5,1,51920,29.09.2022,false
429,26,male,Marketing,2,8,12,1989,24.09.2012,false
430,19,male,Sales,4,4,8,47084,13.01.2007,false
431,34,female,HR,4,8,4,,21.09.2014,false
432,30,male,Marketing,4,9,18,,29.07.2021,true
433,59,male,Sales,4,4,3,45068,05.03.2010,true
434,34,female,HR,3,6,12,48873,30.11.2008,false
435,29,male,Marketing,3,1,4,83953,04.05.2020,true
436,18,male,Purchasing,3,9,10,86835,05.08.2011,true
437,47,male,HR,1,5,9,9331,26.06.2007,true
438,59,male,Technology,3,8,8,43772,04.03.2010,true
439,25,male,HR,3,8,15,51828,28.07.2018,false
440,19,male,Technology,2,9,7,27800,26.03.2015,false
441,18,,HR,2,5,18,84453,07.11.2008,false
442,53,male,Marketing,2,1,4,30906,26.06.2006,false
443,53,male,HR,1,7,9,28692,29.01.2021,false
444,34,female,Technology,2,3,17,49356,10.04.2017,true
445,58,male,Marketing,3,4,8,5535,26.01.2021,true
446,62,female,Technology,2,5,-6,8307,14.08.2007,true
447,57,female,Technology,3,3,-178,70689,14.04.2015,false
448,29,female,Sales,1,3,11,47983,31.12.2013,true
449,19,female,Technology,4,2,18,57215,17.02.2021,true
450,52,male,Sales,3,9,9,46991,16.02.2009,true
451,52,male,Purchasing,4,9,120,,30.09.2005,false
452,58,female,HR,3,1,12,43063,18.11.2009,true
453,34,male,Marketing,4,2,5,70110,17.11.2013,false
454,59,male,Marketing,1,8,7,55089,03.08.2016,true
455,24,male,Sales,2,5,16,34879,20.08.2010,false
456,58,male,Marketing,3,6,8,49684,26.11.2011,true
457,35,female,Technology,1,3,10,47306,11.10.2009,false
458,30,male,HR,2,4,7,37224,09.06.2012,false
459,28,male,Sales,1,2,11,61763,05.04.2023,false
460,63,male,HR,1,3,4,60415,28.05.2011,false
461,64,,Marketing,1,3,7,15699,23.09.2012,false
462,63,female,Purchasing,4,5,13,97102,21.05.2015,false
463,24,female,Purchasing,4,5,6,50745,07.09.2008,true
464,44,male,Purchasing,2,1,3,52859,18.07.2023,true
465,31,female,Sales,2,5,11,37522,27.12.2007,false
466,,female,HR,4,6,7,94950,21.05.2022,false
467,39,female,Technology,2,5,20,72072,09.06.2005,false
468,55,male,Purchasing,1,9,15,78538,29.04.2014,true
469,64,,Marketing,4,7,14,17100,19.02.2020,true
470,31,female,Technology,3,5,5,12465,27.03.2023,false
471,49,female,Technology,3,7,13,52200,09.04.2022,true
472,45,,Marketing,2,7,6,45865,15.03.2005,false
473,32,female,Marketing,1,6,45,32294,21.02.2011,false
474,18,male,HR,2,3,21,19634,06.09.2017,false
475,23,male,Marketing,2,4,9,45605,03.01.2020,false
476,26,female,Sales,3,6,17,,03.04.2005,true
477,22,,Purchasing,2,8,12,20783,09.07.2008,false
478,30,female,Purchasing,2,3,12,58720,06.03.2005,false
479,33,male,Technology,2,3,4,51144,25.06.2008,false
480,32,male,HR,1,7,13,30724,17.12.2020,true
481,58,female,HR,1,8,0,38324,12.07.2013,true
482,21,female,Purchasing,3,6,13,47898,25.02.2017,true
483,38,male,Sales,3,1,-2,68050,20.07.2008,true
484,31,male,HR,4,8,29,48329,13.07.2013,true
485,42,female,Purchasing,4,7,8,49459,24.06.2019,false
486,59,male,Purchasing,2,2,9,-18357,01.12.2021,false
487,63,male,Technology,3,7,18,,02.03.2009,true
488,39,female,Purchasing,1,4,4,23677,27.10.2013,true
489,54,female,Purchasing,3,8,17,42306,04.02.2010,false
490,43,female,Purchasing,3,8,5,60954,05.02.2012,true
491,36,,Marketing,1,1,2,26981,18.07.2009,false
492,55,male,HR,1,3,19,46621,01.11.2004,false
493,64,male,Purchasing,4,5,16,51880,29.12.2007,true
494,28,female,Purchasing,2,4,16,88103,06.09.2004,false
495,24,,Marketing,2,2,6,56745,29.05.2016,true
496,26,male,Purchasing,2,1,3,68050,18.10.2021,false
497,48,male,HR,3,8,8,59225,06.03.2023,true
498,51,male,Marketing,4,4,13,56830,22.08.2023,true
499,54,male,Purchasing,2,8,11,16449,23.04.2006,true
500,49,male,Marketing,3,3,7,26462,21.10.2019,false
501,57,male,Sales,1,4,7,82350,07.09.2011,false
502,50,male,HR,4,9,21,75272,05.02.2015,false
503,36,male,Sales,4,9,7,72258,07.01.2023,true
504,39,female,Technology,1,7,14,,20.01.2019,true
505,23,male,Sales,3,7,8,39877,29.03.2014,false
506,23,female,Purchasing,3,3,8,40454,11.02.2005,true
507,50,female,Purchasing,4,8,2,47475,04.01.2020,true
508,48,male,Sales,3,4,7,64634,26.08.2017,true
509,38,male,Marketing,3,6,4,50931,17.01.2005,true
510,18,,Purchasing,2,2,3,,14.01.2010,true
511,26,female,Sales,1,9,14,40965,06.01.2018,true
512,31,male,Sales,4,7,17,77333,31.12.2021,false
513,22,male,Purchasing,2,6,9,10235,13.08.2020,false
514,34,male,Technology,2,8,18,89193,31.05.2009,true
515,18,male,Sales,1,4,13,87533,26.08.2007,true
516,20,male,Marketing,3,2,-3,47817,07.10.2004,false
517,61,male,Purchasing,4,1,2,55861,10.09.2018,false
518,61,male,Purchasing,2,4,6,75556,03.07.2011,false
519,64,male,Marketing,4,6,8,58752,17.02.2007,false
520,50,,HR,2,3,44,65737,01.06.2020,true
521,29,female,Purchasing,3,3,12,6063,31.03.2017,false
522,51,female,Sales,3,1,6,58331,09.05.2021,false
523,57,female,Sales,4,2,17,65573,20.01.2005,true
524,58,female,Technology,4,5,98,104219,05.05.2008,true
525,32,female,Sales,3,8,15,54497,29.07.2023,false
526,52,male,Marketing,2,6,8,32811,20.06.2021,false
527,,male,Technology,2,1,6,24241,12.04.2018,false
528,40,female,Technology,4,7,12,889,24.07.2013,true
529,50,female,HR,2,7,11,8086,02.06.2023,false
530,49,female,Sales,3,8,6,26753,14.01.2015,false
531,45,female,Technology,2,1,2,,10.11.2014,true
532,52,female,Technology,1,7,13,61293,25.12.2014,true
533,23,male,Marketing,1,6,9,59363,27.03.2020,true
534,43,female,HR,4,1,22,46965,04.10.2021,true
535,56,male,Purchasing,3,9,10,64450,24.01.2012,false
536,41,female,Purchasing,3,4,6,29902,13.04.2011,false
537,64,female,Technology,3,6,17,49810,30.06.2014,true
538,58,female,Purchasing,3,1,11,41753,22.03.2016,false
539,31,female,Marketing,3,5,14,17415,30.06.2019,false
540,31,male,Marketing,1,9,7,71778,23.04.2014,true
541,43,female,HR,4,2,11,,21.01.2013,true
542,42,female,HR,4,7,11,48434,26.11.2018,true
543,61,male,Sales,1,8,6,46650,31.03.2017,false
544,35,male,Technology,1,2,-27,45466,16.02.2020,false
545,24,,Marketing,2,3,6,21096,01.09.2018,false
546,49,male,Technology,3,7,13,80622,07.09.2009,false
547,29,male,Technology,3,7,8,66173,07.03.2019,true
548,20,female,HR,1,1,9,57625,02.08.2007,true
549,63,male,Technology,3,9,-133,,23.06.2009,false
550,,female,HR,3,5,9,41997,03.01.2014,true
551,23,male,HR,2,9,100,41033,02.04.2011,false
552,41,male,Technology,3,6,16,49212,24.06.2014,false
553,18,male,Sales,2,8,6,71738,07.09.2018,true
554,59,female,Sales,4,9,1,19338,27.07.2011,false
555,29,female,Technology,3,6,3,,01.12.2014,false
556,44,male,Marketing,1,1,-162,43765,27.04.2021,true
557,45,male,Marketing,3,5,9,,25.03.2004,false
558,61,female,HR,2,9,6,48645,10.08.2017,false
559,39,male,Technology,3,4,149,92868,22.08.2005,true
560,55,male,HR,2,1,16,54411,21.08.2012,true
561,61,male,HR,4,1,-35,51633,03.08.2018,true
562,51,female,Marketing,3,6,16,22329,08.10.2006,true
563,64,female,HR,4,9,-171,28314,16.06.2016,true
564,43,male,Purchasing,2,4,4,21851,22.11.2005,false
565,42,female,Marketing,4,9,27,28303,09.08.2008,true
566,36,female,HR,3,1,-140,-3620,17.07.2009,true
567,31,male,Marketing,1,5,9,54181,13.08.2016,false
568,29,female,Purchasing,2,6,4,55250,15.12.2017,true
569,31,male,Technology,4,1,2,9165,19.06.2015,false
570,52,female,Sales,2,5,-143,67621,14.04.2011,false
571,60,female,Technology,1,8,7,60441,26.04.2015,true
572,19,male,HR,2,4,8,64323,27.02.2019,true
573,37,female,HR,3,1,11,61094,01.09.2004,false
574,32,female,HR,1,9,137,31657,23.10.2023,true
575,35,female,Sales,1,9,5,,01.07.2020,true
576,28,male,HR,2,3,17,7221,09.12.2004,true
577,37,female,Marketing,2,7,13,60856,01.03.2016,true
578,35,female,Marketing,1,7,9,,29.07.2019,false
579,29,female,Technology,3,8,9,66803,28.09.2022,true
580,48,female,Purchasing,1,5,14,84213,21.01.2015,false
581,47,female,Purchasing,1,2,8,39027,30.06.2004,true
582,45,female,Purchasing,1,4,19,55226,05.06.2018,true
583,,female,Technology,1,5,17,,19.03.2014,true
584,44,female,Sales,3,4,10,56418,16.05.2010,true
585,23,male,HR,1,1,8,36966,23.01.2019,false
586,56,female,HR,4,8,-50,47877,08.12.2016,true
587,44,female,HR,2,3,17,82112,18.09.2012,true
588,39,male,HR,1,4,11,15386,26.03.2017,true
589,55,female,Purchasing,1,2,158,33860,08.06.2014,true
590,39,male,Purchasing,3,4,8,22435,22.04.2010,false
591,44,female,Technology,4,2,13,56819,16.10.2020,true
592,35,male,Technology,3,9,12,57162,01.06.2009,true
593,18,male,Marketing,2,7,1,69219,09.10.2020,false
594,35,male,Sales,3,1,9,38628,11.11.2016,false
595,22,male,Marketing,2,3,5,34546,06.12.2009,false
596,40,female,HR,4,8,2,52502,26.08.2017,true
597,51,male,HR,3,8,13,47360,23.04.2004,false
598,61,female,Sales,2,7,9,35903,11.02.2015,true
599,48,male,HR,4,5,7,41979,03.11.2019,true
600,37,female,HR,1,8,8,24750,26.09.2016,false
601,60,male,Marketing,4,2,17,55272,28.11.2007,true
602,47,female,Sales,2,6,194,83707,27.05.2023,true
603,29,,Sales,4,1,17,57948,16.10.2022,false
604,27,male,Marketing,3,6,6,10520,17.03.2020,true
605,44,female,Technology,1,7,4,41092,11.09.2021,true
606,18,male,Marketing,3,7,9,60066,14.02.2012,false
607,30,male,Marketing,1,2,9,47092,18.01.2023,false
608,31,female,Marketing,1,9,4,,11.08.2012,true
609,20,female,Technology,2,1,6,52056,19.10.2013,true
610,60,female,Marketing,2,8,9,61588,10.07.2018,true
611,25,male,Sales,1,3,14,52633,22.05.2021,false
612,31,male,Purchasing,1,1,4,21423,03.05.2009,false
613,52,male,Technology,1,9,218,74655,16.02.2011,true
614,43,female,Marketing,4,8,16,79631,31.01.2014,true
615,37,,Technology,2,3,9,7551,31.08.2014,true
616,46,,Marketing,1,1,6,,15.01.2014,false
617,32,male,Marketing,1,8,6,74495,01.04.2020,true
618,41,male,Marketing,2,6,7,81171,24.06.2014,true
619,48,male,Purchasing,2,1,6,7620,30.06.2020,true
620,59,male,Sales,4,2,7,33937,19.08.2023,true
621,49,female,Technology,1,1,13,83255,10.05.2018,true
622,25,female,Purchasing,2,3,9,63088,05.02.2022,true
623,46,female,HR,3,9,20,10607,27.12.2016,true
624,56,male,Sales,2,9,8,36385,11.11.2010,false
625,51,male,Sales,2,2,10,88522,07.04.2004,false
626,47,male,Marketing,3,5,22,74358,04.03.2011,false
627,30,female,Purchasing,2,3,6,26767,25.07.2007,true
628,25,female,HR,1,7,12,49412,16.06.2014,false
629,53,male,HR,1,3,9,75626,29.07.2019,false
630,63,female,Sales,2,8,12,41912,17.06.2005,true
631,36,female,Marketing,3,2,12,63097,09.11.2020,false
632,47,female,HR,2,4,10,,12.11.2006,false
633,33,male,Purchasing,2,1,11,45108,18.10.2009,true
634,27,female,Purchasing,4,3,18,50855,08.07.2018,false
635,,male,Sales,2,7,6,42963,10.09.2015,false
636,52,male,Marketing,3,7,15,87162,22.07.2009,false
637,58,male,Purchasing,3,6,12,61300,01.09.2015,true
638,46,male,Technology,2,6,0,41700,17.07.2006,true
639,46,female,Purchasing,3,5,-48,1660,18.02.2021,false
640,41,,Technology,4,9,10,75585,27.11.2005,false
641,43,female,Purchasing,1,4,10,98131,19.06.2004,false
642,35,male,Technology,1,8,15,50423,21.10.2023,true
643,24,female,Purchasing,4,1,7,27859,18.08.2021,true
644,26,male,Technology,4,5,23,81686,02.09.2021,true
645,,male,HR,4,1,10,40638,12.06.2011,false
646,,male,Sales,2,3,11,56291,22.08.2010,true
647,40,male,Sales,2,1,13,,15.03.2017,false
648,58,female,Sales,3,5,11,31128,07.01.2023,false
649,39,male,Technology,3,7,8,23546,28.04.2021,false
650,,male,Purchasing,1,7,4,32625,19.01.2004,true
651,32,male,Sales,3,1,80,48322,05.10.2008,false
652,47,female,Purchasing,2,6,17,47978,26.02.2022,false
653,19,female,Sales,2,6,2,9339,16.11.2019,false
654,24,female,Purchasing,3,7,9,55106,04.11.2020,false
655,37,,Marketing,4,2,5,1289,13.06.2018,false
656,46,female,Purchasing,2,4,12,68743,11.07.2020,false
657,54,male,Purchasing,3,1,-45,62961,28.07.2005,false
658,50,female,Purchasing,1,8,4,16724,22.05.2023,false
659,62,female,Marketing,1,7,7,57375,04.02.2015,true
660,42,male,Marketing,2,5,16,31488,02.08.2019,false
661,45,female,Purchasing,3,2,9,52355,01.05.2011,true
662,24,,Technology,2,8,83,69328,28.11.2017,true
663,49,female,Sales,3,3,14,5169,29.09.2014,true
664,46,,Purchasing,1,7,9,37501,27.02.2009,false
665,62,female,Technology,1,4,10,47623,24.04.2006,false
666,19,female,Purchasing,1,2,-37,-44144,28.05.2015,false
667,62,female,HR,2,4,14,47329,31.03.2006,true
668,27,female,Technology,3,7,14,13556,16.05.2023,false
669,27,female,HR,4,2,18,52155,27.10.2007,true
670,29,female,Purchasing,4,8,-101,27953,07.02.2005,true
671,52,female,Technology,4,7,13,38564,12.12.2011,false
672,63,female,Marketing,1,9,1,72225,28.02.2014,true
673,43,male,Technology,2,6,12,53113,09.04.2013,true
674,52,female,Sales,1,6,10,52978,09.07.2010,true
675,31,female,Purchasing,3,9,6,34490,08.06.2013,true
676,41,male,Marketing,4,2,-3,65458,16.05.2012,true
677,62,male,Marketing,3,7,23,,27.03.2022,true
678,63,male,Technology,4,1,15,66130,30.01.2018,false
679,45,,Purchasing,4,4,9,62281,20.05.2012,false
680,42,female,Marketing,4,1,10,10843,01.06.2006,true
681,,male,Technology,2,2,7,79035,24.07.2018,false
682,42,female,Purchasing,2,2,0,10096,04.05.2008,false
683,61,male,Purchasing,2,3,8,53471,19.06.2016,false
684,21,female,Sales,2,4,9,-3700,07.07.2008,true
685,47,male,Marketing,4,2,14,7822,01.08.2022,true
686,27,,HR,3,1,6,14391,01.10.2019,true
687,49,male,Marketing,2,6,8,74592,03.05.2020,false
688,29,female,Technology,2,3,15,51972,17.07.2018,false
689,47,female,Marketing,1,4,9,22673,24.05.2023,false
690,51,male,HR,4,1,3,74282,11.01.2015,true
691,59,male,Marketing,4,8,-32,56766,20.09.2011,false
692,60,,Sales,2,2,14,58063,27.05.2015,true
693,47,male,HR,4,5,22,52385,20.03.2021,true
694,60,female,Marketing,4,8,9,66201,11.02.2020,true
695,,female,HR,1,4,9,,14.07.2012,true
696,55,male,Technology,2,1,11,,08.01.2006,true
697,59,male,Marketing,2,2,5,34618,31.10.2009,false
698,34,female,Technology,2,2,10,36695,31.08.2005,true
699,51,female,Marketing,2,4,12,47918,21.02.2005,false
700,33,female,Technology,2,4,3,45927,30.11.2021,false
701,56,female,Purchasing,1,5,14,40827,03.02.2009,false
702,33,female,Marketing,1,7,14,47913,02.03.2021,true
703,57,female,Marketing,2,3,7,16538,20.08.2013,false
704,36,female,Marketing,3,5,16,47863,21.04.2013,true
705,38,female,HR,3,3,29,13851,11.07.2017,true
706,33,female,Marketing,1,6,5,40109,11.08.2011,true
707,42,male,Purchasing,4,4,11,94399,26.03.2010,true
708,59,female,Marketing,4,2,10,26497,07.11.2010,true
709,35,male,Technology,4,7,10,47982,29.12.2014,false
710,38,female,Sales,4,3,13,37555,25.09.2006,true
711,26,female,Marketing,4,5,4,65280,21.09.2016,true
712,43,,HR,2,8,7,22811,05.12.2004,false
713,30,female,Technology,2,3,9,24439,14.06.2005,true
714,49,female,HR,1,4,6,-4467,12.11.2012,true
715,34,male,HR,4,5,16,56848,10.01.2011,false
716,54,male,Technology,4,1,13,52599,07.07.2012,false
717,49,male,Marketing,4,7,10,47561,08.10.2009,false
718,51,female,Marketing,3,5,13,38529,02.05.2017,false
719,27,female,Marketing,1,5,15,48016,15.10.2008,false
720,24,male,Technology,1,6,2,48391,16.08.2021,false
721,53,male,Sales,3,6,0,48261,24.08.2018,true
722,30,female,Sales,2,3,10,30334,13.06.2015,false
723,21,female,Technology,3,8,13,,04.02.2010,true
724,41,male,Technology,3,8,4,16304,07.05.2023,false
725,28,female,Marketing,3,7,13,39800,01.08.2015,false
726,22,,Purchasing,3,9,12,49675,23.01.2010,false
727,50,male,Technology,4,5,-90,26038,23.03.2021,true
728,49,female,HR,4,7,7,62759,10.06.2021,false
729,31,male,Sales,4,4,6,88835,14.12.2019,false
730,59,female,HR,2,9,5,33746,25.09.2013,true
731,62,female,HR,3,9,13,68134,10.07.2021,false
732,34,male,Sales,3,6,1,,10.07.2009,false
733,49,male,Marketing,3,8,4,12032,19.02.2020,true
734,50,female,Marketing,2,5,6,36579,07.06.2023,false
735,19,male,Purchasing,2,2,190,67109,23.04.2005,true
736,46,female,Technology,1,6,10,70665,03.11.2005,true
737,24,female,HR,4,6,7,,30.09.2006,false
738,55,female,Purchasing,4,9,0,53950,03.11.2017,true
739,26,male,HR,3,2,1,91967,24.11.2008,false
740,54,female,Technology,4,8,14,72453,02.08.2015,false
741,30,male,Purchasing,3,9,16,59341,02.12.2015,false
742,,female,Technology,1,1,14,26605,01.04.2007,true
743,33,female,Sales,4,5,10,101106,09.09.2012,false
744,29,male,Technology,3,8,10,53415,31.10.2010,false
745,52,female,Marketing,2,7,12,110669,08.09.2012,true
746,31,female,Purchasing,1,4,15,58389,25.12.2005,true
747,33,female,Purchasing,3,4,16,96580,24.04.2008,true
748,30,male,Technology,1,7,11,17070,11.01.2018,true
749,47,male,HR,1,5,135,79406,10.06.2004,false
750,27,female,Marketing,3,4,10,47328,20.06.2017,false
751,58,male,Marketing,3,1,10,,19.11.2020,true
752,56,female,Purchasing,4,8,2,85952,26.01.2023,true
753,55,,HR,3,4,5,97787,14.06.2014,false
754,33,,Marketing,4,1,20,49853,30.10.2021,false
755,22,female,Technology,1,5,2,43941,30.04.2016,false
756,60,female,Purchasing,4,9,51,69118,13.12.2023,false
757,55,male,Technology,1,3,8,74720,24.06.2005,true
758,19,male,Technology,2,8,13,46913,28.01.2016,true
759,64,,Technology,3,5,7,62925,06.10.2023,false
760,48,male,Purchasing,3,1,16,52318,23.12.2020,true
761,36,female,Technology,2,9,11,65714,20.06.2023,true
762,34,,HR,3,1,18,86116,17.11.2016,true
763,62,male,Sales,2,1,152,50701,26.12.2022,false
764,33,female,Marketing,3,1,6,29993,15.08.2014,false
765,25,male,Sales,3,4,4,75294,21.04.2011,false
766,28,male,Purchasing,4,2,18,53093,03.12.2015,false
767,33,female,Purchasing,1,7,-14,52764,10.01.2007,false
768,33,male,Sales,2,6,-53,,08.11.2020,true
769,19,male,Purchasing,4,1,20,40247,28.08.2022,false
770,34,female,Technology,2,2,16,18615,25.10.2017,false
771,46,female,HR,4,5,2,53777,12.10.2009,true
772,28,female,Marketing,2,5,-56,37801,21.02.2014,false
773,34,female,Technology,1,1,3,61747,01.12.2005,true
774,53,female,Marketing,4,9,1,52122,11.08.2010,false
775,56,male,Sales,3,3,13,59097,17.09.2008,false
776,21,female,Sales,4,6,18,52284,26.12.2007,false
777,32,male,HR,2,8,93,-9782,04.03.2008,false
778,,,Technology,4,7,7,74101,14.11.2018,false
779,25,female,Sales,2,2,22,73710,27.08.2012,true
780,55,female,Purchasing,1,2,7,55892,09.01.2023,true
781,31,male,Marketing,4,4,-3,45316,22.04.2009,false
782,43,male,Purchasing,3,5,11,8952,06.05.2009,false
783,62,male,HR,1,6,6,53525,01.09.2004,false
784,31,,Technology,3,9,191,78493,04.10.2012,false
785,37,female,Marketing,1,3,7,67475,21.02.2016,true
786,,male,Sales,3,6,17,67096,11.03.2019,false
787,39,male,HR,4,6,8,79474,28.12.2009,false
788,46,male,HR,1,3,15,95560,24.10.2016,false
789,25,male,Technology,4,4,5,10568,02.09.2006,false
790,53,male,Technology,1,6,8,38248,20.10.2016,false
791,49,female,Marketing,4,1,1,52859,20.01.2019,true
792,30,male,HR,3,9,14,53081,16.10.2011,true
793,28,female,Marketing,4,2,13,56375,22.05.2014,false
794,24,male,Marketing,1,1,12,47280,14.03.2005,true
795,57,male,Purchasing,1,8,-144,42123,04.08.2015,false
796,55,female,Marketing,4,2,12,,17.09.2009,true
797,41,female,Purchasing,2,7,7,59425,28.08.2022,true
798,33,female,Sales,4,1,6,49205,31.12.2017,true
799,60,female,Marketing,1,7,10,46991,25.10.2019,false
800,52,male,Purchasing,3,3,9,58884,07.01.2014,false
801,58,female,Sales,2,1,12,,12.03.2019,false
802,60,female,Sales,3,6,213,34904,18.12.2017,false
803,54,female,Marketing,1,6,5,54513,01.09.2016,true
804,26,female,Marketing,1,5,4,51324,05.03.2023,false
805,36,female,Sales,2,3,6,52899,08.08.2020,true
806,26,male,Technology,1,9,-122,30528,20.02.2008,true
807,40,male,Purchasing,3,3,9,56114,06.03.2019,true
808,23,female,Technology,2,2,14,62326,29.10.2011,false
809,36,male,Technology,4,9,8,15580,06.01.2017,true
810,24,,Marketing,1,5,4,44097,19.07.2005,false
811,44,male,Technology,2,5,7,17219,02.11.2016,true
812,32,male,HR,4,2,17,99003,17.07.2019,false
813,59,male,HR,2,5,27,66655,12.10.2006,true
814,30,male,Technology,1,1,35,-1625,27.06.2007,true
815,19,female,Technology,2,1,10,35779,21.02.2019,false
816,52,male,Purchasing,4,8,4,54834,24.02.2017,true
817,59,female,Purchasing,2,2,9,23333,31.03.2011,true
818,48,male,Sales,3,5,9,47625,19.05.2020,true
819,55,female,Marketing,4,5,5,27637,09.02.2004,false
820,23,,HR,1,4,10,63206,19.08.2020,true
821,30,male,Sales,1,7,6,90537,16.08.2019,true
822,59,female,Purchasing,3,5,3,96038,26.03.2021,true
823,47,male,Technology,3,1,139,41629,18.12.2021,true
824,,female,Sales,2,7,8,58075,09.08.2022,true
825,63,female,HR,1,8,11,35536,02.12.2013,true
826,26,male,HR,2,8,12,74968,19.08.2021,true
827,37,male,Sales,2,6,11,40694,08.11.2023,false
828,62,male,Technology,3,5,6,30326,18.05.2011,false
829,50,female,HR,3,4,-18,62460,20.12.2023,true
830,46,female,HR,3,8,-93,37293,10.05.2004,true
831,32,female,Marketing,3,1,18,29355,24.08.2005,false
832,33,female,Marketing,3,3,-122,20847,02.08.2007,false
833,47,female,Technology,1,6,147,83637,28.06.2022,true
834,59,male,Purchasing,3,9,10,48832,21.07.2022,true
835,32,male,Technology,3,3,15,,26.10.2016,true
836,31,male,HR,1,7,6,91208,30.05.2008,true
837,22,female,Sales,2,9,11,51790,20.04.2010,true
838,57,female,Technology,1,3,3,120037,26.06.2011,true
839,50,female,Marketing,2,3,7,21946,03.06.2004,false
840,52,male,Purchasing,2,9,16,52904,18.05.2009,true
841,34,male,HR,3,9,3,77517,14.07.2021,true
842,20,female,Sales,3,7,11,77683,10.11.2022,true
843,37,male,HR,1,6,5,62450,09.02.2022,true
844,37,female,Technology,1,1,19,52162,15.09.2013,false
845,61,male,HR,2,3,7,17699,26.12.2018,true
846,29,female,Marketing,2,3,1,43804,02.10.2011,true
847,46,female,Technology,1,6,-6,48323,03.04.2014,false
848,32,female,Purchasing,1,8,11,36851,15.04.2019,false
849,,male,Sales,4,6,13,40341,05.07.2009,false
850,63,male,Purchasing,2,2,12,49443,29.01.2006,true
851,51,male,Purchasing,4,4,1,52810,27.02.2005,true
852,24,female,Purchasing,3,7,6,,05.03.2013,true
853,60,male,Sales,4,1,9,30189,04.07.2009,false
854,39,female,Marketing,4,4,15,47375,04.09.2008,false
855,63,female,Marketing,1,8,14,79479,24.04.2023,false
856,53,female,Technology,4,1,-44,59412,26.09.2023,false
857,53,male,Purchasing,1,1,14,41870,28.06.2010,true
858,42,male,Sales,2,6,11,14542,07.12.2021,false
859,55,,HR,3,8,9,66519,28.09.2010,true
860,57,female,Technology,2,6,8,40996,13.04.2020,true
861,26,female,HR,2,5,179,87574,17.09.2014,false
862,56,male,Marketing,2,2,16,37948,06.01.2005,true
863,20,female,HR,3,4,10,34674,16.06.2007,false
864,29,male,Purchasing,3,6,15,84825,20.05.2010,false
865,21,female,Sales,4,1,16,80424,24.11.2010,false
866,54,male,Sales,2,5,3,36172,05.09.2013,false
867,62,female,HR,4,5,12,77762,10.12.2020,true
868,38,female,Technology,1,7,9,64774,30.08.2004,true
869,62,male,Purchasing,1,4,13,35611,13.01.2020,false
870,56,female,Marketing,4,3,12,38892,16.08.2012,true
871,48,male,Purchasing,3,8,16,47276,02.10.2010,false
872,,male,Marketing,1,6,13,93486,31.03.2019,true
873,29,male,Sales,3,3,17,39487,31.03.2021,true
874,18,female,Purchasing,1,2,18,71192,27.06.2010,false
875,64,male,HR,2,1,19,47377,28.02.2018,true
876,40,male,Marketing,1,7,3,47267,24.09.2005,true
877,29,male,Purchasing,3,3,-1,75406,02.10.2007,false
878,34,male,Marketing,1,1,19,60427,02.05.2007,false
879,18,female,Marketing,1,5,0,68719,04.12.2010,true
880,35,female,Purchasing,3,1,10,20899,16.10.2018,false
881,39,female,Purchasing,1,2,13,28518,19.11.2022,false
882,46,male,Sales,4,1,22,87505,19.10.2004,false
883,53,male,Marketing,1,5,15,55072,31.01.2013,false
884,49,male,Purchasing,4,6,14,48348,20.04.2011,true
885,33,male,Marketing,3,4,15,53176,18.03.2006,true
886,26,male,HR,2,1,13,45929,14.10.2008,false
887,48,female,Sales,4,3,8,60161,14.11.2009,true
888,39,male,Purchasing,4,9,8,12112,28.01.2007,true
889,41,female,Technology,2,5,10,48824,19.09.2019,false
890,57,male,Marketing,4,3,13,42069,14.09.2014,false
891,45,male,Technology,2,5,14,-12535,07.09.2017,false
892,59,female,Marketing,1,1,19,41820,08.03.2021,true
893,57,male,Purchasing,4,8,14,42443,27.01.2004,false
894,34,male,Purchasing,1,7,8,17327,02.05.2005,true
895,34,female,Sales,4,4,9,85322,20.02.2009,true
896,,male,HR,1,6,3,41437,01.11.2017,false
897,55,female,HR,1,6,17,21977,19.12.2014,false
898,26,,Sales,1,6,13,61382,08.04.2011,false
899,32,female,Marketing,4,2,-4,42900,17.03.2023,false
900,63,male,Sales,2,3,8,52794,30.10.2015,false
901,64,male,Purchasing,2,1,13,27230,16.07.2009,false
902,49,female,Sales,1,3,13,-216,19.11.2023,false
903,19,male,HR,1,4,14,60618,02.06.2010,false
904,28,male,Marketing,2,8,-107,37387,13.08.2011,false
905,30,male,Purchasing,2,9,10,-268,19.11.2012,true
906,28,female,Purchasing,4,6,17,57509,10.12.2010,true
907,,male,Purchasing,1,7,3,48549,26.02.2023,false
908,35,,Sales,4,5,14,99862,26.11.2009,false
909,43,male,Technology,3,7,5,,13.08.2014,false
910,56,female,HR,3,7,11,78224,30.09.2004,false
911,57,male,Marketing,1,9,17,24053,08.01.2021,true
912,61,male,Purchasing,2,9,12,85498,16.11.2011,true
913,28,female,Purchasing,1,3,18,92885,10.07.2005,false
914,44,,Technology,2,1,162,43829,20.11.2012,true
915,46,male,Technology,4,5,18,55565,12.04.2021,false
916,49,,Sales,3,8,19,63919,09.12.2010,true
917,22,female,HR,4,2,13,55629,26.04.2004,false
918,43,male,Purchasing,2,4,13,55928,16.07.2021,false
919,20,female,Purchasing,3,7,14,25295,20.05.2004,true
920,47,male,Technology,3,9,16,35557,07.02.2006,true
921,35,female,Sales,4,7,193,-2585,09.06.2004,true
922,28,female,Marketing,4,5,8,55458,14.05.2021,true
923,49,male,Purchasing,3,1,10,58208,27.07.2004,true
924,27,female,Marketing,3,8,11,23085,29.11.2022,true
925,20,female,Sales,3,6,6,83686,09.12.2010,false
926,45,male,Marketing,3,7,12,71216,01.01.2006,false
927,50,male,Sales,1,8,10,33377,18.07.2015,false
928,58,female,Technology,3,3,13,54633,08.12.2011,true
929,59,male,HR,2,5,15,61032,15.06.2017,false
930,31,female,Technology,2,5,10,33129,31.01.2013,false
931,,male,HR,3,5,3,68416,27.03.2021,true
932,57,female,Sales,1,9,10,14059,18.11.2014,false
933,,female,Technology,4,6,16,52463,06.04.2013,true
934,63,male,HR,1,4,19,12107,23.11.2017,false
935,28,male,Technology,3,8,8,,20.08.2021,true
936,39,female,HR,3,8,-107,42101,03.04.2008,true
937,50,female,HR,3,5,5,,22.05.2010,true
938,30,male,Purchasing,1,4,15,53233,26.07.2009,false
939,30,female,HR,2,6,9,65326,15.09.2023,false
940,45,male,Technology,3,7,14,29297,07.08.2014,true
941,51,male,Technology,4,6,19,47645,27.10.2020,false
942,47,male,Purchasing,3,7,8,,09.11.2019,true
943,64,male,Purchasing,2,9,14,88513,16.05.2007,false
944,22,male,Marketing,2,7,11,43247,28.04.2011,false
945,64,female,HR,3,2,11,52484,17.10.2013,true
946,45,male,Sales,1,2,13,75357,09.07.2014,false
947,40,male,Marketing,1,4,12,92663,07.08.2016,true
948,34,female,Technology,2,2,0,25262,09.02.2007,true
949,31,male,Purchasing,2,2,5,3915,17.02.2023,false
950,29,male,HR,3,7,18,,31.03.2017,false
951,57,,Technology,3,3,5,27338,15.07.2005,true
952,32,female,Purchasing,1,3,8,34391,18.11.2015,false
953,64,female,Technology,4,8,6,35779,11.09.2014,false
954,52,male,Purchasing,2,4,7,45450,08.03.2016,true
955,30,male,HR,4,5,6,-5626,27.09.2009,true
956,46,female,Purchasing,4,8,15,36206,16.05.2018,true
957,64,female,Sales,2,8,4,18998,29.11.2023,false
958,25,female,Technology,1,7,4,26585,13.01.2023,false
959,34,female,Purchasing,4,4,16,,22.06.2012,false
960,19,female,Marketing,1,8,4,54849,06.04.2021,true
961,20,female,Technology,4,1,3,51661,02.05.2013,true
962,40,male,HR,1,7,0,78576,20.09.2014,true
963,27,female,Sales,2,4,7,44193,10.02.2016,true
964,22,female,Technology,3,7,7,46858,19.11.2023,false
965,61,female,Purchasing,4,2,125,57923,07.05.2020,true
966,38,female,Sales,4,9,15,55337,25.08.2007,true
967,24,male,Marketing,2,3,12,13780,28.07.2008,true
968,60,male,Marketing,4,7,11,38692,07.07.2022,true
969,18,male,Technology,3,4,6,53834,24.11.2004,true
970,59,,Purchasing,4,4,2,-8753,17.07.2014,false
971,50,female,HR,2,7,6,94122,17.11.2014,false
972,39,female,Sales,1,1,13,56759,08.04.2022,true
973,58,male,HR,4,9,11,53894,29.04.2007,true
974,29,male,Purchasing,1,4,-4,89292,03.11.2013,true
975,42,female,Purchasing,3,1,10,25374,05.10.2023,true
976,29,male,Technology,2,8,16,36481,05.07.2006,true
977,36,male,Sales,4,9,6,48325,07.04.2006,true
978,20,female,HR,3,8,8,-20844,13.09.2021,false
979,50,male,Purchasing,1,3,12,899,10.05.2019,true
980,21,male,Sales,3,3,9,55359,29.11.2013,true
981,52,male,Sales,2,5,6,31841,23.08.2006,true
982,21,male,Technology,2,9,17,42429,21.07.2016,false
983,,female,Marketing,4,9,3,51431,24.12.2007,false
984,32,male,Marketing,4,6,12,52780,17.01.2013,false
985,20,female,HR,4,9,8,46490,26.09.2007,true
986,57,female,Sales,4,2,5,41533,02.04.2006,false
987,37,male,HR,4,4,10,32474,27.12.2009,true
988,64,female,Marketing,4,5,2,51631,26.07.2004,true
989,23,female,Marketing,1,6,19,52424,17.04.2021,false
990,63,male,Marketing,1,8,10,82786,15.10.2007,false
991,64,male,Sales,4,2,10,47214,11.09.2006,false
992,44,male,Marketing,2,9,13,53501,24.12.2020,false
993,27,female,Sales,4,7,7,42211,11.10.2009,true
994,60,male,HR,2,2,16,52177,06.08.2009,false
995,44,female,Purchasing,4,8,6,80383,16.05.2012,false
996,56,male,Sales,4,3,12,51939,21.12.2013,true
997,57,female,HR,2,6,6,68021,28.08.2014,false
998,53,female,HR,4,5,-4,27765,12.06.2006,false
999,29,male,HR,3,7,1,65192,12.05.2021,true
